{
    "accuracy": 0.878,
    "train_time": 25.635372400283813,
    "prediction_time": 0.2901737689971924,
    "classification_report": {
        "0": {
            "precision": 0.9201753125449059,
            "recall": 0.9557462686567164,
            "f1-score": 0.9376235449154404,
            "support": 13400.0
        },
        "1": {
            "precision": 0.7397899649941657,
            "recall": 0.6249383932971907,
            "f1-score": 0.6775313919316056,
            "support": 2029.0
        },
        "2": {
            "precision": 0.8223989396951623,
            "recall": 0.7594859241126071,
            "f1-score": 0.7896913776646516,
            "support": 1634.0
        },
        "3": {
            "precision": 0.7344632768361582,
            "recall": 0.7036535859269283,
            "f1-score": 0.718728403593642,
            "support": 1478.0
        },
        "4": {
            "precision": 0.8343728343728344,
            "recall": 0.8252227553118574,
            "f1-score": 0.8297725706409372,
            "support": 1459.0
        },
        "accuracy": 0.878,
        "macro avg": {
            "precision": 0.8102400656886453,
            "recall": 0.77380938546106,
            "f1-score": 0.7906694577492555,
            "support": 20000.0
        },
        "weighted avg": {
            "precision": 0.8739034791525302,
            "recall": 0.878,
            "f1-score": 0.8751070584138352,
            "support": 20000.0
        }
    }
}